<?xml version="1.0" encoding="UTF-8"?>
<GenRun Id="irMem_synth_1" LaunchPart="xc7z010clg400-1" LaunchTime="1556544017">
  <File Type="PA-TCL" Name="irMem.tcl"/>
  <File Type="RDS-PROPCONSTRS" Name="irMem_drc_synth.rpt"/>
  <File Type="REPORTS-TCL" Name="irMem_reports.tcl"/>
  <File Type="RDS-RDS" Name="irMem.vds"/>
  <File Type="RDS-UTIL" Name="irMem_utilization_synth.rpt"/>
  <File Type="RDS-UTIL-PB" Name="irMem_utilization_synth.pb"/>
  <File Type="RDS-DCP" Name="irMem.dcp"/>
  <File Type="VDS-TIMINGSUMMARY" Name="irMem_timing_summary_synth.rpt"/>
  <File Type="VDS-TIMING-PB" Name="irMem_timing_summary_synth.pb"/>
  <FileSet Name="sources" Type="BlockSrcs" RelSrcDir="$PSRCDIR/irMem">
    <File Path="$PSRCDIR/sources_1/ip/irMem/irMem.xci">
      <FileInfo>
        <Attr Name="UsedIn" Val="synthesis"/>
        <Attr Name="UsedIn" Val="implementation"/>
        <Attr Name="UsedIn" Val="simulation"/>
      </FileInfo>
    </File>
    <Config>
      <Option Name="TopModule" Val="irMem"/>
      <Option Name="UseBlackboxStub" Val="1"/>
    </Config>
  </FileSet>
  <FileSet Name="constrs_in" Type="BlockSrcs" RelSrcDir="$PSRCDIR/irMem">
    <File Path="$PSRCDIR/sources_1/ip/irMem/irMem.xci">
      <FileInfo>
        <Attr Name="UsedIn" Val="synthesis"/>
        <Attr Name="UsedIn" Val="implementation"/>
        <Attr Name="UsedIn" Val="simulation"/>
      </FileInfo>
    </File>
    <Config>
      <Option Name="TopModule" Val="irMem"/>
      <Option Name="UseBlackboxStub" Val="1"/>
    </Config>
  </FileSet>
  <Strategy Version="1" Minor="2">
    <StratHandle Name="Vivado Synthesis Defaults" Flow="Vivado Synthesis 2018">
      <Desc>Vivado Synthesis Defaults</Desc>
    </StratHandle>
    <Step Id="synth_design"/>
  </Strategy>
</GenRun>
