<?xml version="1.0" encoding="UTF-8"?>
<GenRun Id="dMem_synth_1" LaunchPart="xc7z010clg400-1" LaunchTime="1556543775">
  <File Type="PA-TCL" Name="dMem.tcl"/>
  <File Type="RDS-PROPCONSTRS" Name="dMem_drc_synth.rpt"/>
  <File Type="REPORTS-TCL" Name="dMem_reports.tcl"/>
  <File Type="RDS-RDS" Name="dMem.vds"/>
  <File Type="RDS-UTIL" Name="dMem_utilization_synth.rpt"/>
  <File Type="RDS-UTIL-PB" Name="dMem_utilization_synth.pb"/>
  <File Type="RDS-DCP" Name="dMem.dcp"/>
  <File Type="VDS-TIMINGSUMMARY" Name="dMem_timing_summary_synth.rpt"/>
  <File Type="VDS-TIMING-PB" Name="dMem_timing_summary_synth.pb"/>
  <FileSet Name="sources" Type="BlockSrcs" RelSrcDir="$PSRCDIR/dMem">
    <File Path="$PSRCDIR/sources_1/ip/dMem/dMem.xci">
      <FileInfo>
        <Attr Name="UsedIn" Val="synthesis"/>
        <Attr Name="UsedIn" Val="implementation"/>
        <Attr Name="UsedIn" Val="simulation"/>
      </FileInfo>
    </File>
    <Config>
      <Option Name="TopModule" Val="dMem"/>
      <Option Name="UseBlackboxStub" Val="1"/>
    </Config>
  </FileSet>
  <FileSet Name="constrs_in" Type="BlockSrcs" RelSrcDir="$PSRCDIR/dMem">
    <File Path="$PSRCDIR/sources_1/ip/dMem/dMem.xci">
      <FileInfo>
        <Attr Name="UsedIn" Val="synthesis"/>
        <Attr Name="UsedIn" Val="implementation"/>
        <Attr Name="UsedIn" Val="simulation"/>
      </FileInfo>
    </File>
    <Config>
      <Option Name="TopModule" Val="dMem"/>
      <Option Name="UseBlackboxStub" Val="1"/>
    </Config>
  </FileSet>
  <Strategy Version="1" Minor="2">
    <StratHandle Name="Vivado Synthesis Defaults" Flow="Vivado Synthesis 2018">
      <Desc>Vivado Synthesis Defaults</Desc>
    </StratHandle>
    <Step Id="synth_design"/>
  </Strategy>
</GenRun>
